,contents,emoji
0,contents,emoji
1,sir. u be so creative. after ğŸ¦ now ğŸ˜don't tell me there be ğŸ¸ alsoğŸ˜€ğŸ˜€ğŸ˜€,ğŸ¸
2,"this wasnt a general tweet, it wa mean towards female ğŸ¸â˜•ï¸",ğŸ¸
3,"if sheâ€™s get a venmo or cash app, she probably sale her nudes...ğŸ¸â˜•ï¸",ğŸ¸
4,"if youâ€™re of a certain age, this may have a nostalgic, yet political relevant appeal this morning ğŸ¸ ğŸ¥› alberto theâ€¦",ğŸ¸
5,iâ€™m just tire of all this damn cappin for social medium ... shit be tire especially when yâ€™all really not live like that. but anyway â˜•ï¸ğŸ¸,ğŸ¸
6,i survive school for the year!ğŸ¸i'll b email people wips and open for new commission after may 1st!,ğŸ¸
7,goodnightğŸ’›ğŸ’šğŸ¥ğŸ¸,ğŸ¸
8,&lt; txt: matty ğŸ¸ &gt;&gt; thatâ€™s just a monster. i didnâ€™t think there be any still down here but&gt; it wonâ€™tâ€¦,ğŸ¸
9,"the canoeâ€™s wash up, but where the slave ship at thoğŸ‘€â˜•ï¸ğŸ¸",ğŸ¸
10,his appeal to the ğŸ‡·ğŸ‡ºğŸ˜ğŸ¸deplorable lumpenproletariat be get tiresome. dude hasnâ€™t start with theâ€¦,ğŸ¸
11,"they cal our generation entitled, but you ainâ€™t bear that way. we have to learn it from somewhere ğŸ¸â˜•ï¸ but they ainâ€™tâ€¦",ğŸ¸
12,ğŸ¸â˜•ï¸ we bring kermit back ğŸ˜‚,ğŸ¸
13,"#happymonday to all who love,defend,respect and help animals!!ğŸ¾ğŸ™ğŸ¸ğŸ§ğŸ—ğŸ›ğŸ¦‚ğŸ¦ğŸ³ğŸ¦ŒğŸŒğŸ¦‚ğŸ™ğŸŸğŸŠğŸª",ğŸ¸
14,i really love my lsâ€™s ğŸ¸ğŸ’•,ğŸ¸
15,"tomorrow, donâ€™t miss it! ğŸ¸ğŸ’•ğŸ¨ #sweetfrog #noweighwednesday",ğŸ¸
16,ğŸ˜‚ all if them na toad ğŸ¸ ğŸ¸ ğŸ¸,ğŸ¸
17,what wikipedia article have you recently read? â€” endothelin receptor antagonist ğŸ¸,ğŸ¸
18,i agree with you ğŸ¸,ğŸ¸
19,monster ğŸ¸#bbmastopsocial exo,ğŸ¸
20,why tf you in my business about ayden stay in your lane...... you just bitter. ğŸ¸â˜•ï¸,ğŸ¸
21,love see frog go in the first round ğŸ’œğŸ¸ #gofrogs #profrogs,ğŸ¸
22,ğŸ¸ fan be type ğŸƒğŸƒ ğŸƒ,ğŸ¸
23,the parent and child love the frog this morning at southwell library! #storyexplorers ğŸ¸,ğŸ¸
24,day n nite â€” ğŸ¸,ğŸ¸
25,sooooo good! love the frog tongue! ğŸ¸â¤,ğŸ¸
26,so if i do this again: ğŸ¸ğŸ”ª,ğŸ¸
27,starfox assemble! ğŸ¦ŠğŸ¦ğŸ¸ğŸ°...#starfox #fox #foxmccloud #digitalart #digitalpainting #nintendoswitch #nintendoâ€¦,ğŸ¸
28,okay great ğŸ¸,ğŸ¸
29,ğŸ¸ğŸŒ¸ğŸ’ o r g a n i c ğŸ¸ğŸŒ¸ğŸ’,ğŸ¸
30,i like frog ğŸ¸ ğŸŒğŸŒğŸŒ ğŸ¸ğŸ¸ğŸ¸,ğŸ¸
31,"they will come and flog you now, with plenty ğŸ¸ jump",ğŸ¸
32,"ok james, so we go to start call all your push off and travel too? ğŸ¸â˜•ï¸",ğŸ¸
33,lord know i canâ€™t stand a thief ğŸ¸â˜•ï¸,ğŸ¸
34,i think so? hahahaha idk eh but most likely~ ğŸ¸ be dedicate like that ğŸ¤£,ğŸ¸
35,â­•ï¸follow all that retweets thisğŸ†—ğŸ¸ reply ifb ğŸ›‘,ğŸ¸
36,follow everyone who like and retweets this ğŸ¸,ğŸ¸
37,if your friend get in codependent relationship you lose ğŸ¸â˜•ï¸,ğŸ¸
38,thatâ€™s so gay. u frog be disgusted. ğŸ¸ğŸ¸,ğŸ¸
39,"i'm so happy to hear you in froppy, ribbit ribbit~ğŸ¸ğŸ¸ğŸ¸",ğŸ¸
40,100 buck on that u also stand there..pushing for your bag..â˜•ï¸ğŸ¸,ğŸ¸
41,happy birthday to our national treasure sir david attenboroughğŸ¸,ğŸ¸
42,spot on!! ğŸ¸ğŸµ,ğŸ¸
43,thatâ€™s why it take him this long to release anything about this topic â˜•ï¸ğŸ¸,ğŸ¸
44,ctfu i canâ€™t even lie bad jawn mom mom butâ€™s thatâ€™s none of my business ğŸ¸,ğŸ¸
45,flawless 3ï¸âƒ£6ï¸âƒ£9ï¸âƒ£ explorer ğŸ˜ğŸ˜frog print coronet ğŸ¸ğŸ¸original creamy patina lumebeautiful 369 ğŸ”¥ğŸ”¥ğŸ”¥ğŸ”¥for the beautifâ€¦,ğŸ¸
46,thatâ€™s simply that. ğŸ¸â˜•ï¸,ğŸ¸
47,we don't get it.tico ğŸ¸,ğŸ¸
48,hey minjoo the ğŸ¸ !,ğŸ¸
49,"ğŸ¸hes sweet, soft, gentle, care and nurturing.ğŸ¸he wake me up with hug and kiss and gentle love",ğŸ¸
50,ahahhahahahha david ... this sum up 2019 ğŸ¸,ğŸ¸
51,~{pink}~ğŸŒ¸ğŸŒºğŸ€ğŸ’•ğŸ’“ğŸ’ğŸ‘„ğŸ‘…ğŸ§ ~{red}~â¤ï¸ğŸ‘ºğŸ’‹ğŸ‘ ğŸ’ğŸŒ¹ğŸğŸ’ğŸ·~{orange}~ğŸ¥µğŸƒğŸ‘©â€ğŸ¦°ğŸ§¶ğŸ¦ŠğŸğŸ¦€ğŸ”¥ğŸ‘~{yellow}~ğŸ§€ğŸ™‚ğŸ¤˜ğŸ±ğŸ¥ğŸŒ¼ğŸŒğŸ’«ğŸŒ~{green}~ğŸ¤¢ğŸ¸ğŸ¢ğŸŒµğŸŒ±ğŸ¥‘ğŸğŸ”«ğŸ¦ ~{blue}~ğŸ¥¶ğŸ§¢ğŸ¦‹ğŸ³â€¦,ğŸ¸
52,let um celebrate 7th.... they might be in europe if they beat team outside the top 6 ğŸ¸â˜•ï¸,ğŸ¸
53,"landmark ğŸ“â˜€ï¸ğŸ”¥ğŸ¸ğŸ‰ğŸœ yasothon, thailand",ğŸ¸
54,you single? just eat some as ğŸ¸âœ¨,ğŸ¸
55,"awesome! humane, eco-friendly dissection alternative from our friend at syndaver.ğŸ¸ #dissectiondoesntcutitâ€¦",ğŸ¸
56,come and see ğŸ¸queen.mahağŸ¸'s live in #bigolive: nak 3star,ğŸ¸
57,its's 4:20 somewhere ğŸ¸ğŸ’€,ğŸ¸
58,ğŸ¸ boogie bounce revolution ğŸ¸ this morning! 9.30am till 10am get out of the rain and join be in the gym ğŸ˜,ğŸ¸
59,of course you are... ğŸ¸â˜•,ğŸ¸
60,sooooo uhhhhhh to all my peer from sta ğŸ‘€ğŸ‘€ ğŸ¸â˜•ï¸,ğŸ¸
61,mama gotta make that money some how..and you ainâ€™t rely on any man for it â˜•ï¸ğŸ¸,ğŸ¸
62,people should quit that too â˜•ï¸ğŸ¸,ğŸ¸
63,tea spill time with momma â˜•ï¸ğŸ¸,ğŸ¸
64,come and see ğŸ¸insooğŸ¸frog's live in #bigolive insoo ğŸ¸ğŸ’“,ğŸ¸
65,but you have all the time in the world to spend my money ğŸ¸ ğŸµ,ğŸ¸
66,i mean it ainâ€™t a new accusation towards them so....at least come up with something new ğŸ¸â˜•ï¸,ğŸ¸
67,at least afterwards he stay a dad and she doesn't have to raise a child alone. that's what happen with black male and sex. ğŸ¸â˜•,ğŸ¸
68,roll frog baby ğŸ˜ˆğŸ’œğŸ¸,ğŸ¸
69,yall hate jew inceat but who do u think be make ur food at seattle huh??!! ğŸ¸â˜•ï¸,ğŸ¸
70,âš¡ï¸ğŸ¦„ğŸŒ› super duper foam bubble high five ğŸ¸ğŸ¼ğŸ’–,ğŸ¸
71,"23mins 18seconds #ğŸ¸ keep up the awesome work team ,one of my favourite podcasts!ğŸ‘ŠğŸ™",ğŸ¸
72,"goodnight, i wish jaehyun would read me a bed time story. wiki: how to be mark in this scenario &lt;/3 ğŸğŸ¸ğŸ§šâ€â™€ï¸ğŸ™ğŸ¦–ğŸ¦•",ğŸ¸
73,come spill it ğŸ¥´ğŸ¥´â˜•ï¸ğŸ¸,ğŸ¸
74,room on the broom ğŸ§¹ğŸ§™â€â™€ï¸ğŸ‰ğŸ±ğŸ¸ğŸ¶ğŸ€,ğŸ¸
75,jam charles doesnâ€™t deserve the meet gala.... â˜•ï¸ğŸ¸,ğŸ¸
76,youare adorable ğŸ¸,ğŸ¸
77,i frog you tooooo ğŸ’šğŸ¸ğŸ’•ğŸ’šğŸ’•ğŸ’šğŸ¸ğŸ’šğŸ’•ğŸ’šğŸ¸ğŸ’šğŸ’•ğŸ’•ğŸ¸ğŸ’šğŸ˜­ğŸ¸ğŸ’•,ğŸ¸
78,yo no joke heâ€™s under your bed ğŸ¸ğŸ¸,ğŸ¸
79,"if you be gay, thatâ€™d be okay ğŸ‘ŒğŸ» ğŸ‘ŒğŸ»ğŸ¸â™¥ï¸ğŸ¸ğŸ‘ŒğŸ»",ğŸ¸
80,be you kid me!! this place be top notch. catch the ğŸ¸ sprinkle in silasâ€™s birthday celebration? thank you kiâ€¦,ğŸ¸
81,iâ€™m cry lmfaoo! they have to be exposed!! ğŸ¸â˜•ï¸,ğŸ¸
82,hhhhhh so first we be bot and then we be zoombies and now bighit pay for it ğŸ˜‚ğŸ˜‚ğŸ˜‚ âœŒâœŒâœŒğŸ¸â€¦,ğŸ¸
83,yall make me wanna go green ğŸ¸ğŸ¸ğŸ¸,ğŸ¸
84,someoneâ€™s daughter that the dirty bitch ğŸ˜‚ğŸ¸,ğŸ¸
85,i wa think about a green huracan. ğŸ¸,ğŸ¸
86,girl same or just hat on the leaf when their team didnâ€™t even make it in the playoff but thatâ€™s none of my business ğŸ¸ â˜•ï¸,ğŸ¸
87,thank for the follow ğŸ¸ğŸ™‚,ğŸ¸
88,you stay with me tonight :) ğŸ¸,ğŸ¸
89,omg this be what happen when you play rivalsğŸ¸ğŸ¦ŠğŸ¦ğŸ³ğŸº,ğŸ¸
90,good to hear ! ğŸ¦ğŸ¦…ğŸ¦†ğŸ¦‰ğŸ¸ğŸ¦ğŸŸğŸ¦€ğŸ¦‹ğŸŒğŸğŸœğŸğŸ•¸ğŸ•·ğŸŒ³ğŸŒ¿,ğŸ¸
91,still shoulda pay barry tho ğŸ¸â˜•ï¸,ğŸ¸
92,i wear my ddang hoodie (and t-shirt ) too! ğŸ¸,ğŸ¸
93,ğŸ¸ğŸ’ğŸ“ˆâ›„god subscribe this gibeâ›„ğŸ“ˆğŸ’ğŸ¸,ğŸ¸
94,bei 1000 like face reveal ğŸ¸,ğŸ¸
95,baratsğŸ˜‚ğŸ˜‚ğŸ˜‚ğŸ˜‚ğŸ˜‚ğŸ˜‚ğŸ˜‚ğŸ¸,ğŸ¸
96,haha rock on dude ğŸ¤«ğŸ¸,ğŸ¸
97,my miss piggyğŸ¸ğŸ·,ğŸ¸
98,oh sooooo cool thank but you don't have to or i can send you the money for it either way thank you bestie ğŸ¿ï¸ ğŸ¸ â˜€ï¸,ğŸ¸
99,selfie with an oversized camera. ğŸ¸,ğŸ¸
100,[trans]ğŸ¸: this be how bright it be ğŸ¤£ğŸ¤£ğŸ¤£,ğŸ¸
101,yâ€™all take this social medium shit too seriously ğŸ˜‚ ğŸ¸â˜•ï¸,ğŸ¸
102,your groyper be so sweeeet...ğŸ˜ğŸ˜ğŸ˜ğŸ¸ğŸ¸ğŸ¸ğŸ’•ğŸ’•ğŸ’•ğŸ’•,ğŸ¸
103,ğŸ¸ im self conscious abt talk abt kpop boy what u think ğŸ¸,ğŸ¸
104,it doesn't matter whether you do or not. you still have no say in what she does.ğŸ˜ğŸ˜ğŸ˜ğŸ˜ğŸ˜ğŸ˜ğŸ˜ğŸ˜ğŸ˜â˜•â˜•â˜•â˜•â˜•â˜•â˜•â˜•â˜•ğŸ¸ğŸ¸ğŸ¸,ğŸ¸
105,weâ€™re gonna cuddle with my cat (ğŸ¸) and not have a problem at 3 be thx,ğŸ¸
106,â € â € â € ğŸ¸ ğŸ‡¸ğŸ‡°ğŸ‡¸ğŸ‡°ğŸ‡¸ğŸ‡° ğŸ‡¸ğŸ‡° ğŸ‡¸ğŸ‡° ğŸ‡¸ğŸ‡° ğŸ‘‡ ğŸ‡¸ğŸ‡°ğŸ‡¸ğŸ‡° ğŸ‘‡ ğŸ‡¸ğŸ‡° ğŸ‡¸ğŸ‡° ğŸ‡¸ğŸ‡° ğŸ‡¸ğŸ‡° ğŸ‘¢ ğŸ‘¢howdy. i'm the frog of slovakia,ğŸ¸
107,"ğŸ¸ lysette &amp; namjoon ğŸ¨âsome have their bibles, and some go to church. well, i find my heaven inside of her.â- hâ€¦",ğŸ¸
108,and if she let a black don nut in her she wouldâ€™ve be do what tiffany haddish wa do ğŸ¸â˜•ï¸,ğŸ¸
109,i love...girls ğŸ˜»ğŸ„ğŸ¸,ğŸ¸
110,you claim i wa stalk youtherefore the hypocrisy be on you because i claim nothing ğŸ¸ğŸ¸ğŸ¸ğŸ¸ğŸ¸ğŸ¸,ğŸ¸
111,the corrupt ğŸ‡·ğŸ‡ºğŸ˜ğŸ¸white nationalist party be in the pocket of the health insurance industry &amp; the drug companieâ€¦,ğŸ¸
112,happy birthday to the incredible #davidattenborough ğŸ¸ the way you have educate u all about the wonder of the natâ€¦,ğŸ¸
113,my â€œfriendsâ€ jump to conclusion and assumption ğŸ¸â˜•ï¸,ğŸ¸
114,"look at this beautifulness, i post the link, go watch the whole series pls and resd the comic ğŸ¸ğŸ’™â˜ï¸",ğŸ¸
115,welcome to the lightğŸ‘ğŸ‡ºğŸ‡¸ğŸ¸,ğŸ¸
116,lol iâ€™m not the one claim to be the expert ğŸ¸,ğŸ¸
117,yâ€™all post about college be hard a if you didnâ€™t know what you sign up for ğŸ¸â˜•ï¸,ğŸ¸
118,#costarican #treefrog hang out by my friend's house tonight ğŸŒ´ğŸ¸ğŸ“¸#costarica #puravida #frog #nature #amphibiansâ€¦,ğŸ¸
119,i have a great dad. #cadillac #blessed #securethebag #clownworld #yanggang 2020 ğŸ¤¡ğŸ¸ğŸ˜‚ğŸ’¯,ğŸ¸
120,coconut steve ğŸ¸,ğŸ¸
121,happy family birthday party ğŸ¸ğŸ·ğŸ¥‚ğŸ¥°,ğŸ¸
122,â˜€ï¸ğŸ¸this weeekend (may 24th â€“ 26th) be already #memorialdayweekend at the #lakeoftheozarks and we have a weekend fuâ€¦,ğŸ¸
123,bird of a feather flock togetherğŸ¸,ğŸ¸
124,"watch out ğŸ¸ lemme get my hand on one, iâ€™m come for you ğŸ˜ˆğŸ‘¿",ğŸ¸
125,"yeah, she's try to get u to look down. our eye wouldn't naturally fall that low, since we respekt wamen soooo much. ğŸ¸ğŸŒˆ",ğŸ¸
126,hows my new card ^_^ any tot abt her ğŸ¸âœ¨,ğŸ¸
127,stay away from red hanky - theyâ€™re lethal! ğŸ¸,ğŸ¸
128,rise and shine: start you morning with yogağŸ¸ #trysomethingnew,ğŸ¸
129,i didnâ€™t like it ğŸ¸ â˜•ï¸,ğŸ¸
130,saturday april 27 ğŸŒŠ x pretty khaotic ğŸ¸ x those d-phiant ape ğŸ¦ present : thee icebreaka â„ï¸ at southâ€¦,ğŸ¸
131,the one that look like a suck out ğŸ¸?,ğŸ¸
132,"mountain aire festival wa so chill, and that lineup! ğŸ¸",ğŸ¸
133,come from a privilege group fans? eye have to laugh ğŸ¸,ğŸ¸
134,u want me to get phat ke ğŸ¸,ğŸ¸
135,maybe they can get claire maccaskill in on this.ğŸ¸â˜•,ğŸ¸
136,slime green ğŸ¸,ğŸ¸
137,your suppose to rest when your sick right? unless your a student. education come before health apparently. ğŸ¸â˜•ï¸,ğŸ¸
138,it's possible to make a big difference by leverage connection in both human and wildlife communities. ğŸ¸ğŸŒ¿ğŸï¸â€¦,ğŸ¸
139,"post withrepost â€¢ ğŸ¸ carlyahmoye ğŸ˜ƒãƒ»ãƒ»ãƒ»â€œwild thing, you make my heart sing.â€ ğŸ¶ğŸ˜â˜€ï¸...#boymom #loveâ€¦",ğŸ¸
140,"hell yeah kermit, well deservedğŸ¸ğŸ¤˜ğŸ¼",ğŸ¸
141,"goodnight y'all , work flow tomorrow and i'm get sleepy plus i'm starve ğŸ’¯ but heyyyyyyyy ğŸ¸ i'm the #kyberbully â€” feel bless",ğŸ¸
142,ğŸ¸ğŸŒ”i really want to hear boy with luv by bts on #mostrequestedlive tonight. please make it happen,ğŸ¸
143,come and see ğŸ¸ÑÆ’â€¢ à¬ àª°à¥¤à¬ Ï€ğŸ’'s live in #bigolive: pk jam 9.40 come sapot,ğŸ¸
144,when she say â€œğŸ‘ŠğŸ½ğŸ¸â€ i felt that,ğŸ¸
145,the real robin hood ğŸ¤™ğŸ¼ğŸ¸,ğŸ¸
146,why would somebody fake a pregnancy ğŸ¸â˜•ï¸,ğŸ¸
147,i think that athlete should just â€œstick to sportsâ€ ğŸ§ğŸ¸â˜•ï¸,ğŸ¸
148,trust me you be not alone! and iâ€™m not speak for myself ğŸ¸ğŸµ,ğŸ¸
149,can you see who's hide in this photograph in the miss beauty exhibit? swipe leave to get a closer look . . . ğŸ¸.â€¦,ğŸ¸
150,ğŸ“¸ jung ilwoo interview photo with newsisâ¤ï¸ğŸ¸ #jungilwoo #jilwww #ì •ì¼ìš° #ä¸ä¸€å®‡ #ãƒãƒ§ãƒ³ã‚¤ãƒ« #à¸ˆà¸­à¸‡à¸­à¸´à¸¥à¸­à¸¹ #í•´ì¹˜â€¦,ğŸ¸
151,here you go! ğŸ˜±ğŸ¸ğŸ,ğŸ¸
152,jesus shouldâ€™ve be abort tbh â˜•ï¸ğŸ¸,ğŸ¸
153,the tea be hot ğŸ¤”ğŸ¸ â˜•ï¸,ğŸ¸
154,mind your business ğŸ¸,ğŸ¸
155,"take a bath in a room with a ğŸ¸ in it, proud of myself fuh!,",ğŸ¸
156,i feel like he send this himself tbh ğŸ¸ğŸµ ops,ğŸ¸
157,come and see ğŸ¸ÑÆ’â€¢ à¬ àª°à¥¤à¬ Ï€ğŸ’'s live in #bigolive: jgn jahat sgt ble xğŸ˜’,ğŸ¸
158,still think that italy get rob at eurovision ğŸ¸â˜•ï¸,ğŸ¸
159,come and see â­ï¸â´Å³Ö„Ê€É›ÊÉ›ğŸ¸'s live in #bigolive: itâ€™s preme,ğŸ¸
160,success by kermitğŸ¸,ğŸ¸
161,"z nudÃ³wğŸ¤™ğŸ¼ğŸ±: i love uğŸ¸: can we be friends, plz? ğŸ¢: love ur layout ğŸ¨: love ur tweet ğŸ’: cute acct ğŸ¼: my faveâ€¦",ğŸ¸
162,"mom and i go out today and she said:ğŸ™: *mumbling* 'shima shi shima...what's their song again?ğŸ¸: oh, who's?ğŸ™: tâ€¦",ğŸ¸
163,whole time ğŸ¤£ğŸ¸â˜•ï¸,ğŸ¸
164,2 beautiful angel ğŸ‘¼ ğŸ‘¼ ğŸ’œğŸ’™ğŸ¸ğŸ’š #jacob #alfie,ğŸ¸
165,nike / on continue le raffle ğŸ¤ğŸ¼ğŸ‘‰ğŸ¼ end. (ğŸ¸) :,ğŸ¸
166,the tea be hot today ğŸ¸â˜• #bbmastopsocial bts,ğŸ¸
167,"trust the process ğŸ™ğŸ¼, 15 week of hard work &amp; iâ€™m not stop anytime soon. ğŸ’ªğŸ½ğŸ™…ğŸ»â€â™‚ï¸ğŸ¸",ğŸ¸
168,ed note: #thehammer on twitter to get this concept to trend. â€œwe be the news now.â€ ğŸ¸ğŸ‡ºğŸ‡¸,ğŸ¸
169,â€œpepe the frogâ€ ğŸ¸,ğŸ¸
170,literally the tea sis. â˜•ï¸ ğŸ¸,ğŸ¸
171,in need of a sugar daddy to pay for my schoolğŸ¸â˜•ï¸cash app: natalia1901 ty in advanceğŸ™ğŸ¼,ğŸ¸
172,"kid mate i know your a true football fan, the others let the side down ğŸ¸â˜•ï¸",ğŸ¸
173,love be store in the...frog!! ğŸ¸ğŸ’—#ã‚¢ã‚¤ãƒ‰ãƒ«ãƒã‚¹ã‚¿ãƒ¼ã‚µã‚¤ãƒ‰ã‚¨ãƒ  #ã‚¢ã‚¤ãƒ‰ãƒ«ãƒã‚¹ã‚¿ãƒ¼sidem #idolmastersidem,ğŸ¸
174,nevermind jesse.. what's delph do there?taking new client lol. let me help you ğŸ¸ğŸµ,ğŸ¸
175,check his snap skip. the answer be there for you to see â˜•ï¸ğŸ¸,ğŸ¸
176,always my friendğŸ¿ğŸ¸ğŸ€,ğŸ¸
177,"guys, iâ€™ve be draw again and wa inspire to draw character a magical girls. ğŸ¸âœ¨ğŸ’• here be keroppi! ğŸŒ¸",ğŸ¸
178,ğŸ¸ be much much better than see ğŸ ğŸ˜³ğŸ˜³ my time in the yard would forever be done!!,ğŸ¸
179,time for some tea spilling! ğŸ¸â˜•ï¸,ğŸ¸
180,come and see ğŸ¸ğŸŒŸgarry oiga's live in #bigolive:,ğŸ¸
181,amaze how fernandinho be get away with 8 foul a game yet ha only foul 38 time this season ğŸ¸â˜•ï¸,ğŸ¸
182,see i'm happy ğŸ¸,ğŸ¸
183,everyone like this tweet ğŸ¸follow all that like &amp; retweet ğŸ¸follow back all that follow you ğŸ¸ğŸ”¥ i be gain witâ€¦,ğŸ¸
184,"kdb be on this for like 3 years, but frogğŸ¸ from 010 to like 2 year ago his consistency wa crazy for yâ€¦",ğŸ¸
185,i steal that meme! ğŸ¸ğŸ‡ºğŸ‡¸,ğŸ¸
186,love to see my fan make new fan of stans ğŸ¸ğŸ¸ğŸ¸ğŸ¸ğŸ¸,ğŸ¸
187,when you know who start one of his controversial debate â˜•ï¸ ğŸ¸,ğŸ¸
188,sorry that you have to try to drag others down just to feel better about yourself ğŸ¸â˜•ï¸,ğŸ¸
189,up torino. ğŸ¸ğŸ§ğŸ·ğŸ’,ğŸ¸
190,"the couple sing and tap dance to frozen, hilarious! i think me and liam will apply next year a princess and the frog ğŸ¸#bgt",ğŸ¸
191,and what about it ğŸ¸â˜•ï¸,ğŸ¸
192,ooooooshey ğŸ”¥ğŸ”¥ğŸ”¥ wizzy drop be quick abegğŸ’ƒğŸ’ƒğŸ’ƒğŸ’ƒğŸ’ƒi'm wait for the ğŸ¸lyricists on twirra to come out and exâ€¦,ğŸ¸
193,"oh, and since when do we vote base off of gender rather than qualification? ğŸ¸ â˜•ï¸",ğŸ¸
194,"love, love this!! ğŸ˜thank you for shin a spotlight on this cruelty!! ğŸ¸ğŸ±ğŸ°",ğŸ¸
195,i know a few ğŸ¤­ğŸ¸â˜•ï¸,ğŸ¸
196,ğŸ¸ğŸ¸*wasserpest emoji*,ğŸ¸
197,lol ilyâ€œall these pussycat out here and i canâ€™t get yours? â€œtalk about be sneaky ğŸ¸â˜•ï¸,ğŸ¸
198,1: ğŸŒ‹everyone retweet this tweetğŸŒŠ 2: ğŸ’‹follow all that like &amp; retweetğŸƒ3: ğŸ¸follow back all that follow youâœ… ğŸ”¥ gain with team #1ddrive ğŸ”¥,ğŸ¸
199,"actually thing start get better on january 20, 2017. trust the plan! ğŸ¸ğŸ‡ºğŸ‡¸",ğŸ¸
200,"hop in the ğŸ¸ and leap, patek fillipe",ğŸ¸
201,iâ€™m about to pullup ğŸ¸â˜•ï¸,ğŸ¸
202,lmfao i chokedğŸ¸ğŸµâ˜•ï¸,ğŸ¸
203,my new #garden from my new #shed and close up shots.open day for my birthday go gorgeously!â˜€ï¸ğŸŒ·ğŸŒ¸ğŸ¸xx,ğŸ¸
204,good morning!! what be this??? be this for minghao? ğŸ¸ğŸ’—#8music,ğŸ¸
205,ğŸ·ğŸğŸ¸ğŸ¦ğŸ² monster boy and the curse kingdom â€“ castillo de lupia,ğŸ¸
206,at least someone say it ğŸ¸â˜•ï¸,ğŸ¸
207,top 5 frog speciesğŸ¸ğŸ’š,ğŸ¸
208,tell him to go and take antibiotic instead ğŸ¸â˜•ï¸,ğŸ¸
209,would love this! ğŸ§˜ğŸ¼â€â™€ï¸ğŸ¸ how about you?,ğŸ¸
210,â˜•ğŸ¸i already know some wa go to be said. how can you be an artist and come out with your own hairline. which one do you want to be sis.,ğŸ¸
211,drrtt drrtttâ€”! hey we be soon to be oamind to check us? and wait for us? ğŸ¸ğŸ’š,ğŸ¸
212,i too have mini pond in my garden. we have a plethora of frog who also love to sunbathe ğŸ™‚ğŸ¸ğŸ¸ğŸ¸ğŸ¸ğŸ¸ğŸ¸,ğŸ¸
213,another masterpiece by ğŸ¸,ğŸ¸
214,honestly who need three whole meals???â€œall these pussycat out here and i canâ€™t get yours? â€œtalk about be sneaky ğŸ¸â˜•ï¸,ğŸ¸
215,this picture say ğŸ¸,ğŸ¸
216,my grandson teacher get a tadpole from the pond and wa explain to the student how they turn into ğŸ¸'s,ğŸ¸
217,oh i get this bruh ğŸ¸,ğŸ¸
218,rudeee ğŸ¸ i study korean thank you very much,ğŸ¸
219,next one...kawai friend 105- lopez friend 106!ğŸ¸ğŸ˜œ...willsee that shhet.,ğŸ¸
220,anyone be better than you trumpğŸ¸ğŸ¸ğŸ¸ğŸ¸ğŸ¸ğŸ¸ğŸ¸ğŸ¸ğŸ¸ğŸ¸ğŸ¸ğŸ¸ğŸ¸ğŸ¸ğŸ¸ğŸ¸ğŸ¸ğŸ¸ğŸ¸ğŸ¸ğŸ¸ğŸ¸ğŸ¸ğŸ¸ğŸ¸ğŸ¸ğŸ¸ğŸ¸ğŸ¸ğŸ¸ğŸ¸ğŸ¸ğŸ¸,ğŸ¸
221,couldnâ€™t possibly have anything to do with the #gastax he support and campaign against repeal in november ğŸ¸â˜•ï¸,ğŸ¸
222,we be thrill to be return to cardiff next month to play with the roselle on this wonderful lineup ğŸ¸ğŸ¾kikkerâ€¦,ğŸ¸
223,how much do we love our have the best colorist in comics. ğŸ¤·â€â™‚ï¸ğŸ¸ğŸŒˆ,ğŸ¸
224,"new video yâ€™all, letâ€™s get me a new pet ğŸ¢ğŸ¸ğŸ·ğŸ¡ğŸ°",ğŸ¸
225,ğŸ’• ğŸ‘‰ğŸ» test ğŸ‘ˆğŸ» ğŸ’• ğŸ¸,ğŸ¸
226,who's long the top â˜•ğŸ¸ #bitcoin #eth #crypto,ğŸ¸
227,love see whoâ€™s view my profile hehehe ğŸ¸,ğŸ¸
228,so excite that weâ€™ve already get frog in our wildlife pond &amp; itâ€™s only a few week old! #bigkid #wildlifepond #frogs ğŸ¸,ğŸ¸
229,187281829ğŸ¸ğŸ’«: you pick such a long number sia hhahaha. you're so friendly and super cute uwuwuwu. sorry i very awkâ€¦,ğŸ¸
230,warm cup of peppermint tea to make me feel better again ğŸµğŸ¸,ğŸ¸
231,rare frog find! ğŸ¸ monitor team have pick up the vulnerable southern bell frog at overland corner on theâ€¦,ğŸ¸
232,ØªÙ… âœ…ğŸ¸stop facebooking twitter ğŸ˜­,ğŸ¸
233,aaron rodgers couldnâ€™t even finish one ğŸ¸ğŸº,ğŸ¸
234,i need someone to vent toitâ€™s funny how men think theyâ€™re superior enough take away girlâ€™s freedom of do whatever the hell they want with their body. ğŸ¸ğŸµ,ğŸ¸
235,a gun wonâ€™t shoot at all without a trigger ğŸ¸â˜•ï¸,ğŸ¸
236,lol social medium be manipulate u and brainwash our people.. but ğŸ¸,ğŸ¸
237,ğŸ§›â€â™€ï¸ #icethec ğŸ¸ vortex wearable ğŸ‘‘,ğŸ¸
238,"let truth be told! iâ€™m a sagittarius â™ï¸ a free spirit. i cannot be hold back. therefore, i embrace my loneliness. ğŸ¥°ğŸ’¯ğŸ¸ğŸµ",ğŸ¸
239,although if the shoe fits...ğŸ¸â˜•ï¸,ğŸ¸
240,ğŸ³ğŸ¢ğŸ¸squirt.....totallyğŸ¸ğŸ¢ğŸ³,ğŸ¸
241,iâ€™m vote for federalist society 2020 ğŸ¸,ğŸ¸
242,"little froggy out there this amâ€¦ ğŸ¸ #sokay (fineview bus stop in deerfield, ny)",ğŸ¸
243,ğŸ¸ğŸ’•ğŸ¸ğŸ’•ğŸ¸i'm fine tank you.ğŸ˜„,ğŸ¸
244,joke on the usa though ğŸµ ğŸ¸,ğŸ¸
245,"coqui the chef be a successful mascot, who's creator ha bring food education to young audiences! ğŸ¸ğŸ‘¨â€ğŸ³ learn allâ€¦",ğŸ¸
246,good thing iâ€™ve never slander lifecamp â˜•ï¸ ğŸ¸,ğŸ¸
247,success by kermitğŸ¸#0002,ğŸ¸
248,"sheâ€™s think she special, when she be just another one ğŸ¸â˜•ï¸",ğŸ¸
249,sure and noodle boy wa my little brother ğŸ¸,ğŸ¸
250,ğŸ¸ you try to tell em.,ğŸ¸
251,if only you nigga know how stupid your bitch ha you lookin when youâ€™re not around ğŸ¸â˜•ï¸,ğŸ¸
252,"awe twitter, the place where i can always get the dose of tea. ğŸ¸ğŸµ",ğŸ¸
253,do this even at the risk of swell up like a frogâ€™s vocal sac if sting ğŸ¸ ğŸ,ğŸ¸
254,"if ya get some tea you want everyone to know, dm me &amp; iâ€™ll spill it ğŸ¤§ğŸ¤ªğŸ‘€ğŸ¸â˜•ï¸",ğŸ¸
255,#smallbeauties frog style! ğŸ¸,ğŸ¸
256,thank for support ca ab 1586ğŸ¸â€œno medical school in the u.s. or canada use animal for their undergraduate medâ€¦,ğŸ¸
257,like min yih frog ğŸ¸,ğŸ¸
258,back on twitter! whatâ€™s the ğŸ¸â˜•ï¸,ğŸ¸
259,i think i find the truth..ğŸ¸ğŸ±,ğŸ¸
260,im sure they will ğŸ§ğŸ§ğŸ§ğŸ¦‚ğŸ¸,ğŸ¸
261,one of my favorite summer sound ğŸ¸,ğŸ¸
262,yall hate old people but who do u think be make ur food at cape town huh??!! ğŸ¸â˜•ï¸,ğŸ¸
263,icon - terminology. let's speak like frogs!! ğŸ¸#ffmed,ğŸ¸
264,the tea be pip today ğŸ¸ â˜•ï¸,ğŸ¸
265,the leave seem piss off at tom arnold for some reason. thatâ€™s non of my business tho â˜•ï¸ ğŸ¸ people always ask meâ€¦,ğŸ¸
266,people who enjoy hurt animal have to be punish for their actions. ğŸ¶ğŸˆğŸ’ğŸ¦ğŸ†ğŸğŸ®ğŸ–ğŸ‘ğŸ«ğŸ˜ğŸ¦ğŸğŸ¦”ğŸ»ğŸ”ğŸ£ğŸ¦†ğŸ¸ğŸ¦ˆğŸ¦‹ğŸğŸâ¤â¤â¤â¤â¤â¤â¤â¤â¤â¤â¤â¤â¤â¤â¤â¤,ğŸ¸
267,princess gowon ğŸ‘‘ with her little frog ğŸ¸,ğŸ¸
268,no one:litterally no one:renjun: frog ğŸ¸ğŸ˜œ noise ğŸ—£ï¸ğŸ¤ª,ğŸ¸
269,"already book for 3 sites, one ha restore ğŸ¸",ğŸ¸
270,nier:replicant and/or nier:gestalt ğŸ¸ i could write a whole essay about how much i love the game itseâ€¦,ğŸ¸
271,i have many talents!ğŸ¸ğŸ¤£ğŸ¤£,ğŸ¸
272,thereâ€™s a special place for people who post spoilers. ğŸ¸â˜•ï¸,ğŸ¸
273,"um, you be literally out a liar liar with your pant on fire. but please continue to spread non-factual liesğŸ¸â˜•ï¸",ğŸ¸
274,speak now be the best in speak now â˜•ï¸ğŸ¸,ğŸ¸
275,it's hilarity doe not diminish over time ğŸ¸,ğŸ¸
276,or around different ğŸ‘¥.....ğŸ¤¢ğŸ¸â˜•ï¸,ğŸ¸
277,me and soulmate gossip when we're suppose to sleep at 11 ğŸ¸,ğŸ¸
278,try to convince ğŸ‡·ğŸ‡ºğŸ˜ğŸ¸heâ€™s be a hypocrite itâ€™s like tell a rat ğŸ€ not to muâ€¦,ğŸ¸
279,"i super apply for this mod application, thank for this lovely opportunity ğŸ¸â˜•ï¸",ğŸ¸
280,1st try: you re my wifi2nd try: bts just accept me pls3rd try : ummm Å«wÅ« (ğŸ¸),ğŸ¸
281,all the day not only 2 be ğŸ¸,ğŸ¸
282,.is an alien #reptile ğŸ¸,ğŸ¸
283,loona - butterly ğŸ°ğŸ±ğŸ¦ğŸ¸ğŸ¦ŒğŸ¦‰ğŸŸğŸ¦‡ğŸ¦¢ğŸ§ğŸ¦‹ğŸº,ğŸ¸
284,itâ€™s almost 4am and korbaen and i be cry over princess and the frog ğŸ¸,ğŸ¸
285,"waw... okih ğŸ¤¦ğŸ½â€â™‚ï¸ğŸ˜‚ technically my ""negative energy"" get him a date? cool ğŸ˜ğŸ¸",ğŸ¸
286,some people never change ğŸ¸â˜•ï¸,ğŸ¸
287,i survive ğŸ¸ğŸ¸,ğŸ¸
288,imagine if they invest those resource into try to curb knife crime in the capital...ğŸ¸â˜•,ğŸ¸
289,"thatâ€™s because it wa a phase for you, i live that vampire in gold life â˜•ï¸ğŸ¸",ğŸ¸
290,uncleğŸ¸ğŸ¸ğŸ¸ i miss uğŸ˜ğŸ˜˜,ğŸ¸
291,you have a good date tommorow ğŸ’šğŸ¸,ğŸ¸
292,come and see bbyâ€™eylinğŸ”ºá´¸á´¼áµğŸ¸'s live in #bigolive,ğŸ¸
293,"one person who be full of bitterness, hatred and envy be no other person than ğŸ¸. slaâ€¦",ğŸ¸
294,you have to be incredibly trigger to target my adhd and autism a a mean to push your against argument pathetic ğŸ¸â˜•,ğŸ¸
295,what a great morning of pd! ğŸ¸,ğŸ¸
296,"this jam charles, tati and jeffrey star drama be better than most netflix series â˜•ï¸ ğŸ¸",ğŸ¸
297,student in m trevino class gain hand on learn through frog dissection ğŸ¸ . what a greatâ€¦,ğŸ¸
298,seth should of be take these last couple shoot ğŸ¸,ğŸ¸
299,me today ğŸ¸â˜•ï¸,ğŸ¸
300,"good question, hmmmmğŸ¸",ğŸ¸
301,ğŸ¸: hi!! youâ€™re super funny and you seem really nice! your ratio intimidate me but you seem like a really cool persâ€¦,ğŸ¸
302,make your own fritz the frog! ğŸ¸ #crochet #frogs #savethefrogs pattern available (for purchase) at,ğŸ¸
303,"here's your supreme recipe for success america: ğŸ¸ ğŸ‡¨ğŸ‡³ ğŸ”· ğŸ’¥ ğŸ˜‚ , i will be phenomenal to the women. go vote for josh.",ğŸ¸
304,"ğŸ¸ğŸ† i'm the leonardo da vinci of be fat, ugly, and untalented // ps4",ğŸ¸
305,seem like they have short term memory loss a they win on a knock on last week ğŸ¸â˜•ï¸,ğŸ¸
306,im late but welcome to the tea party ğŸ¸â˜•ï¸,ğŸ¸
307,hand be kinda wonky but everything else be really good ğŸ¸,ğŸ¸
308,"ooof â˜•ğŸ¸ #jamescharlesisoverparty truth be he's always be over, oh well.",ğŸ¸
309,i love frog ğŸ¸ but the poor kid be so frighten i feel bad ğŸ˜ i remember my dad frighten me with a liâ€¦,ğŸ¸
310,the best way to spend a saturday evening. plus an orchestra of frogs. ğŸ¸,ğŸ¸
311,endanger Â· friend ğŸ¸ itâ€™s officially #endangeredspeciesday and there be no better animal to celebrate it with thâ€¦,ğŸ¸
312,composite 789101112131415ğŸ¸ğŸ¸,ğŸ¸
313,graphic design be my passion ğŸ¸,ğŸ¸
314,top frog there ğŸ¸ğŸ‘ğŸ¼,ğŸ¸
315,first no hitter iâ€™ve ever see in person let alone be on the field for. what a night! ğŸ”¥ğŸ¸âš¾ï¸ #firedup,ğŸ¸
316,the price we pay for be in the future! ğŸ¤£ğŸ¤£ğŸ¸,ğŸ¸
317,goodnight or good afternoon or good morning everyone ğŸ˜ŠğŸ€ğŸŒ¹ğŸŒ·ğŸŒ¸ğŸŒºğŸ©ğŸ±ğŸ¶ğŸ»ğŸ°ğŸˆğŸ¦„ğŸ¢ğŸ¸ğŸ´ğŸ§¸. i hope you guy have a fabulous fun lovelyâ€¦,ğŸ¸
318,"find a random frog on my morning walk ğŸ‘€ğŸ¸ğŸ’ª some ppl say they be lucky, so i hope you all have a wonderful mondayâ€¦",ğŸ¸
319,nothing get me in a better mood than 7-second â° sunday night poetry ğŸ¸ #poetry,ğŸ¸
320,one of u until yer not. ğŸ¸,ğŸ¸
321,â € â € â € ğŸ¤  ğŸ¸ğŸ¸ğŸ¸ ğŸ¸ ğŸ¸ ğŸ¸ ğŸ‘‡ ğŸ¸ğŸ¸ ğŸ‘‡ ğŸ¸ ğŸ¸ ğŸ¸ ğŸ¸ ğŸ‘¢ ğŸ‘¢howdy. i'm the sheriff of frog face,ğŸ¸
322,"big mad that itâ€™s not even my hour mess me up, itâ€™s anatomy â˜•ï¸ğŸ¸",ğŸ¸
323,sis. he apparently cheat on duchess kate with her bestie ğŸ‘€ğŸ¸â˜•ï¸,ğŸ¸
324,oh yes ... i wish you a nice time together. ğŸ»ğŸ¾ğŸ¸ğŸŒğŸŒ¿ğŸŒ˜ğŸŒ ,ğŸ¸
325,it's not yours ğŸ¸,ğŸ¸
326,pentagon fan account thread! ğŸ¸â¤,ğŸ¸
327,just peep that the cop car in the transformer movie say â€œto punish and enslaveâ€ instead of â€œprotect and serveâ€ ğŸ¸â˜•ï¸,ğŸ¸
328,yâ€™all keep gettin play by yâ€™all nigga then â˜•ï¸ğŸ¸,ğŸ¸
329,"yummy , always be a favourite of mine ğŸ¸",ğŸ¸
330,"exam at the doorstep, maybe i should stop the daily dose of internet...! ah! just a random think ğŸ¸",ğŸ¸
331,vaccine work. herd immunity doesnâ€™t. ğŸ¤·ğŸ¾â€â™‚ï¸ğŸ¸â˜•ï¸,ğŸ¸
332,we believe ğŸ™ğŸ¸,ğŸ¸
333,just don't kill u with them...ğŸ‘€ğŸ‡ºğŸ‡¸ğŸ¸,ğŸ¸
334,ğŸ¸ throwback thursday draft release of andy &amp; fred's excellent adventure: vol. 1!! (5/27 - 6/1) ğŸ¸ -,ğŸ¸
335,if anybody else do what do at the #metgala they would have call trashy and unprofessional ğŸ¸ğŸµ.,ğŸ¸
336,because she first run away with captain and then the qatari prince ğŸ˜’aur me kahin nhi ja rhi ğŸ˜ ğŸ¸,ğŸ¸
337,"pixel perfect be the best disney movie, change my mind ğŸ¸â˜•",ğŸ¸
338,come and see taptapğŸ¸ğŸ‘£ á´¿á´¹'s live in #bigolive,ğŸ¸
339,iâ€™ll pay any of yâ€™all 7 dollar to have a crush on meğŸ˜¤ğŸ¸â˜•ï¸,ğŸ¸
340,iâ€™m go ğŸ¸ğŸ¥ƒ tho ğŸ˜‚,ğŸ¸
341,it that time of year to open the window and listen to the frog ğŸ¸ and the cricket ğŸ¦— #readyforsummer,ğŸ¸
342,come and see ğŸ¸queen.mahağŸ¸'s live in #bigolive: miss u dad,ğŸ¸
343,he's so!!!! ğŸ¸ğŸ¶!!!!!! i suppo him,ğŸ¸
344,memorial ready? ğŸ¤«ğŸ¸,ğŸ¸
345,alright mr win the fa cup with peterborough on amateur....none of my business...ğŸ¸,ğŸ¸
346,who say there was? you?ğŸ˜³ğŸ¸ğŸ˜³but the overwhelm majority of farmer be white. this statistic pointsâ€¦,ğŸ¸
347,"i â¤ï¸ the froggy books, and so do my kindergarteners! ğŸ˜ŠğŸ¸",ğŸ¸
348,"kuligligs, froglets, cicada be ze background noise right now.... such a calm music... nakakamiss! ğŸ¸ğŸ¦—ğŸƒ",ğŸ¸
349,"contrary to kermit's protestations, it's actually quite easy be green when you've at #springio19 ğŸ¤£ğŸ¸",ğŸ¸
350,thank you ğŸ¸ğŸ’œ,ğŸ¸
351,you chase me tho â˜•ï¸ ğŸ¸,ğŸ¸
352,i'm fast tfooo ğŸ¸ğŸ’”,ğŸ¸
353,froggy be a genre ğŸ¸ğŸ’š,ğŸ¸
354,sweet ğŸ¸ at the beach.. think $60 but that wa for the whole family,ğŸ¸
355,i wasnâ€™t lmao well not muchğŸ¸â˜•ï¸,ğŸ¸
356,todayâ€™s tea is:absolutely exquisite ğŸ¸â˜•ï¸,ğŸ¸
357,"for now it's just an icon, but my boyfriend name him toby ğŸ˜‚ğŸ¸",ğŸ¸
358,love these kermit meme âœŠğŸ»ğŸ¸,ğŸ¸
359,ğŸ¸ - youâ€™re so cute &amp; your account give me all the happy vibe &lt;3,ğŸ¸
360,imagine a trio of these ğŸ¸,ğŸ¸
361,friggin toady ğŸ¸,ğŸ¸
362,u bastard will not spoil avenger for me. all of a sudden everyone a marvel fan. anyway lemme sip my water and mind my business ğŸ¸ğŸ’§#endgame,ğŸ¸
363,depend on the girl ğŸ¸â˜•ï¸,ğŸ¸
364,ah i love him ğŸ‘‰ğŸ» ğŸ¸,ğŸ¸
365,in short. progress!! lot of progress ğŸ’–ğŸ¸ğŸ’–,ğŸ¸
366,thank king ğŸ¸,ğŸ¸
367,"like... stop lie sis, maybe? ğŸ¸â˜•",ğŸ¸
368,froggy girl almost do and im so excite ğŸ˜­â¤ï¸ğŸ¸,ğŸ¸
369,do you still reckon heâ€™s off? ğŸ¸â˜•ï¸ ğŸ˜˜ cc:,ğŸ¸
370,"tati: be kind ğŸ™ğŸ¼james: spread positivity â¤jeffree: oh i'm just get started, just y'all wait ğŸ¸â˜•",ğŸ¸
371,by get upset that people enjoy a tv show ğŸ¸â˜•ï¸,ğŸ¸
372,best album also ğŸ¸â˜•ï¸,ğŸ¸
373,twitter be my only place to be petty. best believe iâ€™m gonna take advantage of that! ğŸ˜‚âœŒğŸ¼ğŸ¸â˜•ï¸,ğŸ¸
374,ğŸ¤£ğŸ¤£ğŸ¤£too darn cute! look like she go look for a frogğŸ¸,ğŸ¸
375,boston beat milwaukee by 22ğŸ¸â˜•ï¸,ğŸ¸
376,follow everyone who like this ğŸ¸,ğŸ¸
377,nhl stanley cup final playoff be happen stateside and these ğŸ¤¡muppetsğŸ¸ must have be hitâ€¦,ğŸ¸
378,thank for share jeff!! ğŸ˜˜ğŸ˜˜ğŸ˜˜ğŸ¸,ğŸ¸
379,so wear a headscarf make you a terrorist but this doesn't?? ğŸ¸â˜•,ğŸ¸
380,an orcadragon request art for my friend jabiliss on my discord ğŸ¸ #orcadragon,ğŸ¸
381,oh honey in the last year iâ€™m pretty sure iâ€™ve see you with like 4 different men but ğŸ¸â˜•ï¸ ğŸ˜‚ğŸ˜­,ğŸ¸
382,#climatechange responsible for severe infectious #disease in ğŸ‡¬ğŸ‡§uk ğŸ¸#frogs,ğŸ¸
383,truth. ğŸ¸â€¢â€¢â€¢#mark7reloading #revolution #evolution #memes #ammomeme #ammo #ammoporn #ammunition #reloadingâ€¦,ğŸ¸
384,no u wonâ€™t cause u have one right in front of u ğŸ¸â˜•ï¸,ğŸ¸
385,lmao why you hat when your profile pic look like you photoshopped yourself beside you with a wig onğŸ¸â˜•ï¸,ğŸ¸
386,warn wart be a comingğŸ¸ğŸ¸ğŸ¸ğŸ¸ğŸ¸ğŸ¸ğŸ¸ğŸ¸ğŸ¸ğŸ¸,ğŸ¸
387,amaze . . . love freddo! ğŸ¸ğŸ«,ğŸ¸
388,i know damn well i ainâ€™t get no room to judge and most of yâ€™all donâ€™t either. call that mf tea bitch ğŸ¸ â˜•ï¸,ğŸ¸
389,this girl say â€œpeople ruin beautiful thingsâ€ and she shouldâ€™ve felt that because sheâ€™s ruin a lotâ˜•ï¸ğŸ¸,ğŸ¸
390,also i find it just go to dice then dividends. ty ğŸ¸,ğŸ¸
391,better tea than youtuber drama tho ğŸ¸ğŸ¸ keep u update pls ğŸ’€,ğŸ¸
392,teariffic! ğŸ¸,ğŸ¸
393,"beautiful!ğŸŒ¿ğŸ€ğŸŒ±i love green color, it plea ...ğŸ’šğŸŠğŸ¢ğŸğŸ²ğŸ¸ğŸŒ³ğŸŒ²ğŸƒ",ğŸ¸
394,"most likely ... ninja frog ğŸ¸ğŸ˜€ i also get totally french look creature once, call him gÃ©rard. if iâ€¦",ğŸ¸
395,and no substance to anything; frog hasnâ€™t even get any policies; make it all up a he go along ğŸ¸,ğŸ¸
396,"have you ever wake up and wonder what the hell happen last night? good , me neither ....... ğŸ¤£ğŸ¤£ğŸ¤£ğŸ¤£ğŸ¤£ğŸ¤£ğŸ¤£ğŸ¤£ğŸ¤£ğŸ¤£ğŸ¤£ğŸ¶ğŸ¸â€¦",ğŸ¸
397,i'm guess that the lower one be marty. look like you remember to cradle the head. ğŸ˜ğŸ¸,ğŸ¸
398,the only good thing about walk in the rain today be that i get to see a frog. ğŸ¸â˜” #ribbit,ğŸ¸
399,sodium be goodman what the ğŸ¤¬ğŸµğŸ¸ğŸ’Œâš”ï¸ğŸ’—ğŸ™Œ,ğŸ¸
400,ğŸ’¾ bot bot ğŸ”ª ğŸ’£ bot bot ğŸ ğŸ¸ bot bot ğŸŒ‚ ğŸ’€ bot bot ğŸ”ª ğŸŒ‚ bot bot ğŸ² ğŸ‰ bot bot ğŸ‘ˆ ğŸ’© bot retweet to win,ğŸ¸
401,entry for our 10k fun run be now open!ğŸ¸,ğŸ¸
402,hey folksiesâ¤ï¸ğŸ˜‹ğŸ¥µğŸ¥´ğŸ•ºğŸ½ğŸ¤¸ğŸ¼â€â™€ï¸ğŸ˜…ğŸ¸â˜•ï¸ğŸ…¿ï¸ğŸ˜šğŸ§¡,ğŸ¸
403,the report of my death have be greatly exaggerate ğŸ¸,ğŸ¸
404,ğŸ‡·ğŸ‡ºğŸ¸is closer than ever to put another #kompromat puppet asset name ğŸ‡·ğŸ‡ºğŸ‡¬ğŸ‡§ğŸ¸aâ€¦,ğŸ¸
405,"if you truly believe in â€œpassing the mic,â€ youâ€™d not be run against woman and minority ğŸ¸ â˜•ï¸ but keep pandeâ€¦",ğŸ¸
406,who lik the bio :] we go pride ğŸ¸ğŸŒˆğŸ¦â­ï¸,ğŸ¸
407,a gay frog ğŸ¸,ğŸ¸
408,precious sunday: how popple can be mad and complain ğŸ¸ ğŸµ,ğŸ¸
409,it so cute ğŸ’•ğŸ’•ğŸ’•ğŸ˜‚ love this skin...! ğŸ¸,ğŸ¸
410,come and see ğŸ¸ÑÆ’â€¢ à¬ àª°à¥¤à¬ Ï€ğŸ’'s live in #bigolive: pk hi tea jam 5.30ptg,ğŸ¸
411,i like my tea serve boil ğŸ¸â˜•ï¸,ğŸ¸
412,burger king be tackle mental illness with their mood meal but...ğŸ¸â˜•ï¸ #jamesandrejeffersonjr,ğŸ¸
413,hmmm except that one time tha u use to shag a peedo ğŸ˜ŠğŸ¸ğŸµ,ğŸ¸
414,she eat him. ğŸ˜³ğŸ˜„ğŸ¸ğŸ’šha!,ğŸ¸
415,sleepy cat ğŸ¸,ğŸ¸
416,happy friyay! we have an imposter try to enter the building... ğŸ¸ make it a great day! #cwway #smile #happyheart,ğŸ¸
417,"so si wa tell her ex to block meğŸ˜­ğŸ˜­ğŸ˜­weak asf, shoulda think of that while yâ€™all wa together and he wa in my dmâ€™s weird aslğŸ¸â˜•ï¸",ğŸ¸
418,the tea be good si ğŸ¸â˜•ï¸,ğŸ¸
419,happy birthday to one of my fave akas! #oopskee!ğŸ¸ğŸ˜ğŸ¸ğŸ˜ ğŸ’œğŸ’œğŸ’œğŸ’œ,ğŸ¸
420,ğŸ¸ [opm] the pace really islike hmm.............. i like the voice act but not the strain on myeyes,ğŸ¸
421,i'm await for the centrist to use the same energy on pete that they use on bernie. ğŸ¸â˜•i'll bâ€¦,ğŸ¸
422,get myself some crocs today and my charm should come in saturday!!ğŸ¸ğŸ„ğŸŒğŸŒ¸ğŸ’˜,ğŸ¸
423,all people do be lie ğŸ¸â˜•ï¸,ğŸ¸
424,"ask me a question on insta be bassicly â€˜tell me iâ€™m gorgeousâ€™, iâ€™m fish for complimentsâ€™ orr â€˜look how many boy want meâ€™ ğŸ¸",ğŸ¸
425,what a beautiful day for a parade! ğŸ¸ğŸ¸ğŸ¸#memorialday #reddingct #huckleberrythefrog,ğŸ¸
426,in one day weâ€™ve have tom english mention â€˜unprofessionalâ€™ and neil cameron mention â€˜matureâ€™ step up graham spiers.... â˜•ï¸ğŸ¸,ğŸ¸
427,by far the most underrate player in the league change my mind!!!!â˜•ï¸ğŸ¸,ğŸ¸
428,"follow who like and retweet ğŸ½ ğŸ¸ #1dderonunless they be non longer citizens, they have the right to vote.",ğŸ¸
429,whoâ€™s go cwl london and ha a problem with me? dm me ğŸ¸,ğŸ¸
430,i love nature ğŸ¸ğŸŒ³â˜˜ï¸ğŸŒ¸ğŸŒ·ğŸŒ¼,ğŸ¸
431,look like blood honey will go out with a bang. ğŸ¸ğŸ’¥,ğŸ¸
432,ğŸ bot bot ğŸ² ğŸ’€ bot bot ğŸ± ğŸ’© bot bot ğŸ¸ ğŸ† bot bot ğŸ” ğŸ’© bot bot ğŸ‘» ğŸŒ‚ bot bot ğŸ² ğŸ’© bot retweet to win,ğŸ¸
433,mwah hope u have a great day :3 ğŸ¸,ğŸ¸
434,i'm wait for some toad dna pellet to dry so here's five fact about the uk #commontoad ğŸ¸ â€¢1 these guy occur lâ€¦,ğŸ¸
435,yay! thank for use them ğŸ¸ğŸ’• have a great start to the month!,ğŸ¸
436,"and then there's the issue of ""aliens"" be demons... so there's that. ğŸ¸ğŸµ",ğŸ¸
437,"ğŸ¸ - joke on you, it's bedtime now so i can't do my work ğŸ”« so anyway: you're the most incredible baby of ed twt andâ€¦",ğŸ¸
438,listen to night ğŸ¸ frog n all that be ğŸŒ¿ğŸ¼,ğŸ¸
439,"forever grateful for the iota phi chapter of alpha kappa alpha sorority, inc. ğŸ’“ğŸ¸",ğŸ¸
440,"so, not everyoneâ€™s mother ha a kermit the frog swim in lifesaver on their kitchen counter? huh, strange. ğŸ¸ğŸ›",ğŸ¸
441,i'll get rid of all irls for you to come over here ğŸ¸,ğŸ¸
442,congrats lex!!ğŸ¸ğŸ’—,ğŸ¸
443,looooool would love to see what some ppl have to say ğŸ¸,ğŸ¸
444,"just because ""yes you can""! ğŸ¸we the people be ğŸ‘ï¸",ğŸ¸
445,heâ€™s go to be find guilty and it's obvious because he's somali and she wa white. â˜•ï¸ğŸ¸,ğŸ¸
446,not even just talk about them but they try to hook their exâ€™s nvm ğŸ¸â˜•ï¸ğŸ˜‚ğŸ˜‚,ğŸ¸
447,westbrook ainâ€™t mj and mj never have a pg or kd before pippen ğŸ¸â˜•ï¸,ğŸ¸
448,find a frog in the garden today - how happy be this little chap? ğŸ¸,ğŸ¸
449,god i love this ğŸ˜‚ğŸ˜‚ credit to for tweet it ğŸ¸,ğŸ¸
450,soon you will realise it wa weather not love piece of advice etsa tea o kene ka likobong ğŸ¸,ğŸ¸
451,âœ¨i wouldâ€™ve fuckin diedğŸ˜’ğŸ¸,ğŸ¸
452,"2003 called,,,, they want their candid back ğŸ¸â˜•ï¸â¤ï¸â¤ï¸â¤ï¸",ğŸ¸
453,#porshashavingababy #rhop #pettyking ğŸ¸â˜• #rhoa**a comedian say a well write joke withâ€¦,ğŸ¸
454,hallo worldğŸ”¥ğŸ§ğŸ¸,ğŸ¸
455,well done! keep up the great workğŸ‘ğŸ¸ğŸ¦†ğŸ¦ğŸŸ,ğŸ¸
456,the tea be hot ğŸ‘€ğŸ¸â˜•ï¸,ğŸ¸
457,tl kinda dry so i guess iâ€™ll log off early again ğŸ¸ğŸ’¢ dont forget!! to support seungyoun and hwan on &lt;â€¦,ğŸ¸
458,couldn't take my eye off mum! except when distract by two little freak in the middleğŸ±ğŸ·ğŸ¹ğŸ¸,ğŸ¸
459,this boi sad ğŸ¸,ğŸ¸
460,lmaoooooo ğŸ˜‚ğŸ˜‚ğŸ˜‚ğŸ˜‚ğŸ˜‚ bitch that be yours. ğŸ‘€ğŸ¸â˜•ï¸,ğŸ¸
461,after this paperğŸ¸â˜•ï¸,ğŸ¸
462,yall hate cracker barrel but who do u think be make ur food at seattle huh??!! ğŸ¸â˜•ï¸,ğŸ¸
463,iâ€™m just gonna leave this here. ğŸ¸â˜•ï¸,ğŸ¸
464,ğŸ¸â˜•ï¸ i mean i tried.,ğŸ¸
465,"hi high! yeojin the froggo, kwrog kwrog ğŸ¸i'm your future, eeh i mean i'm your fanyes, but the book also say that cersei will be kill by her younger brother. i don't thâ€¦",ğŸ¸
466,which do you think do better; because i have the result ğŸ¸,ğŸ¸
467,ğŸ¸ i will not be silenced!!!!!!!!!!!!!!!!!!,ğŸ¸
468,arya should of kill daenerys so jon could of be king ğŸ¸â˜•ï¸,ğŸ¸
469,the lady on the view this morning be rip each otherâ€™s face off â˜•ï¸ğŸ¸,ğŸ¸
470,"switch it on in the shop, didnt have earphones, nice ğŸ¸",ğŸ¸
471,iâ€™m gravy ğŸ˜‚ğŸ˜‚ğŸ˜‚ğŸ˜‚ğŸ¸â˜•ï¸,ğŸ¸
472,thatâ€™s what she say after i triple stroke &amp; croak ğŸ¸,ğŸ¸
473,come and see á´°á´ºá¶ bbyâ€™eylinğŸ”ºğŸ¸'s live in #bigolive: hiiğŸ¸,ğŸ¸
474,fuck spolier ğŸ¸,ğŸ¸
475,happy sunday!! ğŸ‘‹ we love this super simple frog on a log activity to encourage counting. ğŸ¸ what activity haveâ€¦,ğŸ¸
476,"ğŸ¸ gulf coast toad be out, and they be well camouflaged. they hide well in man-made structure like a valve box.â€¦",ğŸ¸
477,ğŸ¸ this wa awesome!!! you two may like it break personal box 2018 wwe undisputâ€¦,ğŸ¸
478,#me....just look for any ğŸ¸ fan dat will say trash about wizkid...ğŸ˜‚,ğŸ¸
479,say goodbye to our new friend in the lake district ğŸ¸,ğŸ¸
480,great photo! a ğŸ¸ for you,ğŸ¸
481,damn. kermit be costa rican too ğŸ¸ğŸ‡¹ğŸ‡­,ğŸ¸
482,love your mit larry ğŸ˜ŠğŸ˜šğŸ¸,ğŸ¸
483,okey good night ...ğŸ“ğŸ£ğŸ¤ğŸ¥ğŸ¦ğŸ•ŠğŸ³ğŸ‰ğŸ²ğŸğŸ¢ğŸŠğŸ¸ğŸ‹ğŸŸğŸ ğŸ¡ğŸ™ğŸšğŸ¦€ğŸŒğŸğŸğŸŒ¹ğŸŒ¹ğŸ’®ğŸŒºğŸ•¸ğŸ¤ğŸ¦ğŸ•ŠğŸ‰ğŸ‰ğŸ’ğŸ›ğŸğŸ•·ğŸŒ¹ğŸŒ²ğŸŒ±ğŸŒ»ğŸ•¸ğŸ¦€ğŸ’ğŸŒ´ğŸŒµğŸŒ¾ğŸ€ğŸğŸ‚ğŸƒğŸ‡ğŸ‰ğŸŠğŸŒğŸğŸ“ğŸ’ğŸ‘ğŸğŸ†ğŸ–ğŸ—ğŸ”ğŸŒ­ğŸŒ®ğŸŒ®ğŸšğŸšğŸšğŸ¢ğŸğŸœğŸ¿ğŸ—ğŸ™ğŸ¥ğŸ¡ğŸ¦ğŸ§ğŸ©ğŸªğŸªğŸ¯ğŸ¸ğŸ·ğŸ·ğŸ¶ğŸ¶ğŸ°ğŸ¡ğŸºğŸŒğŸ—ºâ€¦,ğŸ¸
484,*talks shit about ex for 2 solid years* *steady hit up ex* ğŸ¸â˜•ï¸,ğŸ¸
485,"one of the greatest scope be the world""i can't help but notice you notice me notice you"" rango ğŸ¸",ğŸ¸
486,thats another conspiracy like the 6 company who own the medium â˜•ğŸ¸ğŸ¤·â€â™‚ï¸,ğŸ¸
487,have to wait about ten minutes. then we're offğŸ¸,ğŸ¸
488,"what vomit, you muppet? youâ€™ve have me block for ages. try again......iâ€™ll wait.....ğŸ˜ğŸ¸ğŸ˜",ğŸ¸
489,"that twitter life...ya'll, i'm gonna take a break from posting. enjoy the archives. ğŸ˜ğŸ¤‘ğŸ™ğŸ¿ğŸğŸ¦™ğŸ•›ğŸ¸ğŸ¦ˆğŸ¬ğŸŒ²ğŸŒŠğŸ’¨los tâ€¦",ğŸ¸
490,chill dude; itâ€™s happeningğŸ˜‰ğŸ˜ˆğŸ„ğŸŒˆğŸ’–ğŸ¸â˜˜ï¸,ğŸ¸
491,"my baby boi bas...wanna hug you right now, reeaaal bad ğŸ¸",ğŸ¸
492,thatâ€™s the tea si â˜•ï¸ğŸ¸,ğŸ¸
493,ğŸŒˆcoming up on todayâ€™s episode of cudcastğŸŒˆğŸ°the new #downtonabbey trailer ha dropped! ğŸ¸funny froggies ğŸ‘µğŸ»the queeâ€¦,ğŸ¸
494,if go to the #metgala these thing wouldnâ€™t happen ğŸ¸â˜•ï¸,ğŸ¸
495,lil man almost have a frog in his throat ğŸ˜«ğŸ¸ #beautifulbritishcolumbia #604culture,ğŸ¸
496,nexdoor app wildlife question.me: write a paragraph explanationother person: frogribbitğŸ¸,ğŸ¸
497,yaay!!! my bby be done!! tcu get ready ğŸ¸. i wish nothing but greatness on your future!! i love you ğŸ’œ.,ğŸ¸
498,he love the jumperğŸ¸,ğŸ¸
499,and my mom say sheâ€™s a uofsc fan ğŸ‘€ ğŸ¸â˜•ï¸,ğŸ¸
500,top 5 defense incoming ğŸ‘€ğŸ”‹ğŸ”‹ğŸ¤®ğŸ’šğŸ¸ğŸ¥¦,ğŸ¸
501,come and see ğŸ¸queen.mahağŸ¸'s live in #bigolive: mna jodoh,ğŸ¸
502,bruh she go private and be still tryna clown. we some delulus for even believe it. ğŸ¸ ğŸµ,ğŸ¸
503,great podcast by the frog certainly didn't cause any issue ğŸ¸ğŸ˜‚ğŸ˜‰,ğŸ¸
504,come and see ÊœÉ´fğŸ•Šà«®à¹€Ò¡Ï‰Î±É³â³ğŸ¸ğŸ”¥'s live in #bigolive:,ğŸ¸
505,ğŸ¸ âœŠğŸ»| | âœŠğŸ» / \ ğŸ€ğŸ€might fuck around and pull two all nighters back to back,ğŸ¸
506,be a fecking ğŸ¸,ğŸ¸
507,"sure shoot ""18 gsw"" (96 bull pt.2) - official music video ğŸ¸",ğŸ¸
508,lol go frog ğŸ¸,ğŸ¸
509,ğŸ™ˆ bot bot ğŸ’© ğŸ¸ bot bot ğŸ‘ˆ ğŸ² bot bot ğŸ‘» ğŸ‘ˆ bot bot ğŸ’© ğŸ„ bot bot ğŸ’© ğŸ· bot bot ğŸ‰ ğŸ‘ bot retweet to win,ğŸ¸
510,there r no real republican patriot leftâ—ï¸ğŸ˜¡ only trump ğŸ“ğŸ’©ğŸ¸ğŸ˜. vote all trump ğŸ“ğŸ’©ğŸ¸ğŸ˜ un-ğŸ‡ºğŸ‡¸ out of office asapâ—ï¸â—ï¸ğŸš«ğŸ“ğŸ’©ğŸ˜2020ğŸš«,ğŸ¸
511,come and see bbyâ€™eylinğŸ”ºá´¸á´¼áµğŸ¸'s live in #bigolive: pk country-thai#10.45#ğŸ‡²ğŸ‡¾ğŸ‡²ğŸ‡¾ğŸ‡²ğŸ‡¾ğŸ‡²ğŸ‡¾,ğŸ¸
512,steal this from oomfie ğŸ’ - let's marry .ğŸŒ· - i have a crush on you .â­ - my favourite mutual .ğŸ¸ - let's be friend .,ğŸ¸
513,this be some grow folk tea ğŸ¸â˜•ï¸ğŸ˜«,ğŸ¸
514,lmfao ğŸ˜‚...dream on dumbassğŸ–•ğŸ‡ºğŸ‡¸ğŸ¸,ğŸ¸
515,kati be beyond excite to bring â€œhopperâ€ her green tree frog to class today for show and tell! ğŸ¸ #oct4u,ğŸ¸
516,lovely 13 hour day start in london and end in birmingham ğŸ¸ğŸ«,ğŸ¸
517,ribbet...lol ğŸ¸,ğŸ¸
518,join and gainğŸµ add me to your gain list ğŸ¸ #1first,ğŸ¸
519,yâ€™all would cry n be so hurt if you read me and juliaâ€™s text ğŸ’€ğŸ¸ğŸ´ğŸ•·ğŸ¦‚ğŸğŸ·ğŸ³,ğŸ¸
520,pastor pastor pastor....yet youâ€™re in a relationship with a marry woman.ğŸ¸â˜•ï¸,ğŸ¸
521,they start toss around the ğŸ¸â˜•ï¸ emojis and people forget that frog absorb moisture through their skin,ğŸ¸
522,ğŸ˜‚ğŸ˜‚ğŸ˜‚ğŸ˜‚ğŸ˜‚good one joeğŸ¤£ğŸ¤£ğŸ¤£ğŸ¸kek,ğŸ¸
523,but school canâ€™t pay their teacher a fair wage? ğŸ¸â˜•ï¸,ğŸ¸
524,"will you bring back the frog ğŸ¸i hike 17.8 miles, with about 1800 foot of elevation gain. i wonder if i would have be better off go to upper yosemite falls.",ğŸ¸
525,man... i think this wa about ashley graham. lindsey graham ainâ€™t thicc at all ğŸ¸ â˜•ï¸,ğŸ¸
526,i want your dick in me ğŸ¸ğŸŒ¶ï¸ğŸ‘,ğŸ¸
527,crazy frog!!! ğŸ¸,ğŸ¸
528,storm yo hanna be here ..now deadin my heart joke ğŸ’˜ğŸ’”ğŸ˜­ğŸ˜¿ğŸ˜­ğŸ˜¿ğŸ˜ºğŸ±ğŸ˜¿ğŸ»ğŸ¸,ğŸ¸
529,a tsuyu i donâ€™t think iâ€™ll finish color ğŸ˜­ğŸ¸ #bnha #tsuyu #asuitsuyu #mha #bokunoheroacademia,ğŸ¸
530,do itfinish them off ğŸ‘ŠğŸŒˆğŸ¸ğŸŒ‹ğŸ‘,ğŸ¸
531,tuesday be day d. block 2 be first. biology keystone ğŸ¸ exam. good luck to all ğŸ”µğŸ¦… testingâ€¼ï¸,ğŸ¸
532,awww ğŸ˜­ğŸ˜­ğŸ˜­ i'm so happy you like everything! ğŸ’—ğŸ¸ğŸ’— i have a lot of fun put it together ğŸ¥° you really deservâ€¦,ğŸ¸
533,kfc now use the same coffee bean a costa but for a tenth of the price ğŸ¸â˜•ï¸ share to save a life,ğŸ¸
534,..vince foster anyone???? ğŸ¸,ğŸ¸
535,instant noodle ğŸ¸#bbmastopsocial exo,ğŸ¸
536,me too âœŒğŸ»âœŒğŸ»âœŒğŸ»âœŒğŸ»âœŒğŸ»âœŒğŸ»âœŒğŸ»âœŒğŸ»âœŒğŸ»âœŒğŸ»âœŒğŸ»âœŒğŸ»âœŒğŸ»âœŒğŸ»âœŒğŸ»âœŒğŸ»âœŒğŸ»âœŒğŸ»âœŒğŸ»âœŒğŸ»âœŒğŸ»âœŒğŸ»âœŒğŸ»âœŒğŸ»ğŸ’ƒğŸ’ƒğŸ’ƒğŸ’ƒğŸ’ƒğŸ’ƒğŸ’ƒğŸ’ƒğŸ’ƒğŸ’ƒğŸ’ƒğŸ’ƒğŸ’ƒğŸ’ƒğŸ’ƒğŸ¸ğŸ¸ğŸ¸ğŸ¸ğŸ¸ğŸ¸ğŸ¸,ğŸ¸
537,late stage kuru disease or adrenochrome withdrawal? ğŸ‘¹ğŸ‘»ğŸ’©ğŸ‘¿ğŸ¤¢ğŸ¤®enjoy the show patriot ğŸ¤ ğŸ¸ğŸ‡ºğŸ‡¸,ğŸ¸
538,"then, wait a couple day for it to go out of style.â˜•ï¸ğŸ¸",ğŸ¸
539,bitch donâ€™t even be like that ğŸ˜­ğŸ˜­ imma mind my business tho ğŸ¸ â˜•ï¸,ğŸ¸
540,the #cic frog jump to the podium that wa no vosho ğŸ˜‚ğŸ˜‚ğŸ˜‚ğŸ¸ğŸ¸,ğŸ¸
541,hmu ğŸ˜¤ only ğŸ˜œ if ğŸ˜ you're ğŸ˜†from ğŸ¸ a ğŸ™ˆ first ğŸ˜‚ world ğŸ‘… country ğŸ¤©,ğŸ¸
542,dead rat dont squeak ğŸ¸â˜•,ğŸ¸
543,bad timing.....â˜•ï¸ğŸ¸,ğŸ¸
544,"wrong, heâ€™s amphibian ğŸ¸",ğŸ¸
545,happy birthday sue! ğŸ‚ğŸ¸,ğŸ¸
546,fren you be no idiotğŸ¸ ...,ğŸ¸
547,the rainy day hero: frog (but bold)ğŸ¸âœ¨,ğŸ¸
548,ğŸ¸ğŸµ1 year from now......lightning v flyer,ğŸ¸
549,"awe, thank you so much. i do love it! and thank for kermit! â¤ï¸ğŸ¸",ğŸ¸
550,how you suppose to be this good christian person when you act like a hoe and talk shit about everyone ğŸ¸ğŸµ,ğŸ¸
551,this be definitely a la tweet ğŸ¸ğŸ˜‚ğŸ˜‚,ğŸ¸
552,i try ..... oh well ğŸ¤·â€â™‚ï¸ğŸ¸ğŸŒˆwhat do u elderly folk know anyway? ğŸ¤¨ğŸ˜,ğŸ¸
553,see a striker who score 6 away in 2 season get more rat tho ğŸ¸ğŸµ,ğŸ¸
554,come and see ğŸ¸queen.mahağŸ¸'s live in #bigolive: help task,ğŸ¸
555,will work for food or kathrin with a k ğŸ¸,ğŸ¸
556,"just finish season 5 of lucifer, itâ€™s all good iâ€™ve get twitter â˜•ï¸ğŸ¸",ğŸ¸
557,like - thatâ€™s bullshit ğŸ¸â˜•ï¸,ğŸ¸
558,everything but a big dick* ğŸ¸ â˜•ï¸,ğŸ¸
559,these pant and those crocs..... ok ğŸ¸â˜•ï¸,ğŸ¸
560,"this!! ğŸµ ğŸ¸ didnâ€™t reply because this be what start it all, jam be his own best friend and own eneâ€¦",ğŸ¸
561,you can hide behind my curious cat and talk shit on me for be a stripper but you arenâ€™t the one make 60k a year at age 19 ğŸ¸â˜•ï¸,ğŸ¸
562,woah i just get spoonfed proof that we remember the real context.... ğŸ¸,ğŸ¸
563,no way sa men be in the top top 10 most handsome in the world like kea gana bathongğŸ¸ğŸ™ƒ,ğŸ¸
564,*reads all the comments**takes a sip of my diet coke* ğŸ¥¤ğŸ¸,ğŸ¸
565,"should i start upload clip to twitter heaps, tag u nigs cause your the only one who really see my stuffğŸ¸",ğŸ¸
566,people out here really donâ€™t know how to mind there business and it show â˜•ï¸ ğŸ¸,ğŸ¸
567,happy 520ğŸ’—ğŸ’—ğŸ¸ğŸ’«,ğŸ¸
568,how many way can you think of to sort animal into groups? year 1 think of a few. ğŸ±ğŸ¤ğŸ•ğŸ–ğŸ ğŸ¸ğŸ™,ğŸ¸
569,wow wowğŸ’•very cute!ğŸ¥°ğŸ¸ğŸ¥°,ğŸ¸
570,come and see ğŸ¸ÑÆ’â€¢ à¬ àª°à¥¤à¬ Ï€ğŸ’'s live in #bigolive,ğŸ¸
571,i wanna be part of horse twitter so i can understand the teağŸ˜‚ğŸ¸,ğŸ¸
572,"that's not funny! problem be that if there be a hell, i'm definitely burn too.ğŸ¸",ğŸ¸
573,the tea in the beauty community be so good here lately they need their own reality show â˜•ï¸ ğŸ¸ #beautycommunity #drama #imobsessed,ğŸ¸
574,uncleğŸ¸ morningğŸ˜ğŸ˜˜,ğŸ¸
575,gurl you donâ€™t even watch that show ğŸ¸â˜•ï¸,ğŸ¸
576,yall gonna get metcalf ğŸ¸,ğŸ¸
577,itâ€™s gonna arrive soph. donâ€™t be sadğŸ¥ºğŸ¥ºğŸ’œğŸ’œğŸ¸,ğŸ¸
578,friday of ğŸ¸ğŸ¸ğŸ¸,ğŸ¸
579,iâ€™m wait for a video to go viral of a rapper get beat up at roll loud this weekend about to entertain ğŸ‘€ğŸ¸,ğŸ¸
580,down the rabbit hole for you tomi... hope it work out for you... ğŸ¤¨ğŸ¸ğŸ‘€,ğŸ¸
581,go-go bot! âœŒğŸ½ğŸ‘½ğŸ˜ğŸ¸,ğŸ¸
582,apparently the â€œpeople you may knowâ€ on fb be people who have be recently stalk your profile ... interest ğŸ¸â˜•ï¸,ğŸ¸
583,some people who graduate high school still havenâ€™t grow out of it and thatâ€™s the tea ğŸ¸â˜•ï¸,ğŸ¸
584,finally. enjoy the fun once every 15 year mate ğŸ˜œğŸ¸â˜•ï¸,ğŸ¸
585,sub to my youtube iâ€™m upload tomorrow ğŸ¸,ğŸ¸
586,hey wlw of my tl would you ratherğŸ¸ have big boob and gf with small boobsğŸ» small boob and gf with big boobsaâ€¦,ğŸ¸
587,wesome win guys!! ğŸ‡«ğŸ‡·ğŸ‡§ğŸ‡ªğŸ¸â¤ï¸,ğŸ¸
588,"donâ€™t reach out first, and see how many dead plant youâ€™ve be watering. â˜•ï¸ğŸ¸",ğŸ¸
589,from ğŸ´ó §ó ¢ó ³ó £ó ´ó ¿ â€”&gt; ğŸ‡°ğŸ‡· the â€˜fab fourâ€™ be scoot off to world champs... ğŸ›´ğŸ’¨ #bleedgreenğŸ¸,ğŸ¸
590,sapringlesğŸ’•ğŸ¸ğŸ¥°,ğŸ¸
591,'shiney frog-walk' acrylic an real gold leaf on canvas board 25x40cm in wooden frame ğŸ¸ #art #painting #frog #goldâ€¦,ğŸ¸
592,big ha to do something more than fish or chase a frog ğŸ¸ maybe someone that love snack and cheese ğŸ§€,ğŸ¸
593,wooo!! go grace! bos as bitch ğŸ’ğŸ¼â€â™€ï¸ğŸ¥‚ğŸ¸ğŸ‰ğŸŒˆğŸ˜ğŸ¦„,ğŸ¸
594,about to drink green tea til i pas out. ğŸ‘ğŸ»ğŸ¸â˜•ï¸,ğŸ¸
595,"wish you a wonderful, happy afternoon and even ğŸ™‹ğŸ‘ğŸ¦‹ğŸŒ·ğŸ€ğŸŒ¸ğŸ¥°ğŸ’–ğŸ¸ğŸ£ğŸ‡ğŸ™",ğŸ¸
596,"iâ€™ll join, maybe we can call in sick like other people do ğŸ¸â˜•ï¸",ğŸ¸
597,donâ€™t stay under a log this weekend! come out and visit us. weâ€™re open saturday and sunday 10-5! ğŸ¸,ğŸ¸
598,ğŸ‚ğŸŒ±ğŸ‚ğŸŒ±ğŸŒ±ğŸŒ¾ğŸ‚ğŸŒ±ğŸ‚ğŸŒ¾ğŸ¸â–â–ğŸâ–â–ğŸ•·ï¸ğŸŒ¾ğŸ‚ğŸŒ±ğŸ‚ğŸŒ±ğŸ„ğŸŒ±ğŸ‚ğŸŒ¾ğŸ„autumn fieldhero: the courageous frogmidboss: the terrify snakeboss: the evil tarantula,ğŸ¸
599,karma ha a funny way of get people how the deserveğŸ¸â˜•ï¸,ğŸ¸
600,labradorite rock!!! eldest child study zoology.ğŸ¸ğŸ¦‹ğŸ›ğŸ‹ğŸğŸ„!!!,ğŸ¸
601,yeah the system be perfect for it... get it si get it...hope that helped...ğŸ’–ğŸ’šğŸ¸,ğŸ¸
602,this frog make me happy ğŸ¸credit:,ğŸ¸
603,"great work brother, never stop push ğŸ‘ŠğŸ¸ğŸ‘Š",ğŸ¸
604,here's to your future endeavors! ğŸ¥‚was great have you around! god bless! ğŸ‘ğŸ¼ğŸ˜ŠğŸ¤·ğŸ½â€â™‚ï¸ğŸ¸ğŸŒˆâœŒ,ğŸ¸
605,"my sister ğŸ’ you might be ugly ğŸ¸ but believe me , if you have a good heart â™¥ and a good behavior, â˜ºyou be still ugly my dear ğŸš®ğŸ˜Œ",ğŸ¸
606,"a a fan, it be good to see you back. can't wait for this loooonng ( in my opinion) road trip to end! miss my ğŸ”¥ ğŸ¸!",ğŸ¸
607,iâ€™m just here for the tea ğŸ‘€. â˜•ï¸ ğŸ¸,ğŸ¸
608,"*i* wouldn't brag about meet with a know criminal, but you do you.ğŸ¸ğŸµ",ğŸ¸
609,come and see ğŸ¸queen.mahağŸ¸'s live in #bigolive: 85,ğŸ¸
610,thank for the update! this be awesome! i can't wait to get my fix.ğŸ¸=ğŸ¤¯,ğŸ¸
611,"so jordoâ€”youâ€™ve get 22,000 people talk about your dark soul list?! about time! â¤ï¸ğŸ¸",ğŸ¸
612,you've get my attention...anything for the froggies ğŸ¸ğŸ·,ğŸ¸
613,everyone want to be conscious of race relation everywhere except in the sex trade ğŸ¸ ğŸµ,ğŸ¸
614,in fairness olivia only get kill off cause of shit sheâ€™s say in real life ğŸ¸â˜•ï¸,ğŸ¸
615,done. ğŸ¸ğŸ¦‡ğŸğŸ¦”ğŸŒ³,ğŸ¸
616,i'll still choose him over 1000 frogsğŸ¸ğŸ¸.,ğŸ¸
617,at least i ain't gotta guilt trip anyone to be my date this saturday ğŸ¸â˜•,ğŸ¸
618,two face a shit a soon a a ceain bitch back be turn they act like they didnt ditch you for monthsğŸ¸â˜•ï¸,ğŸ¸
619,better than throw pool ball around ğŸ¸,ğŸ¸
620,come and see ğŸ¸queen.mahağŸ¸'s live in #bigolive,ğŸ¸
621,"thank you ğŸ’¯berlin wa my #food holiday of the year ğŸ˜ƒ i wa at heising ğŸ¸ ğŸŒ , five elephant cheesecake ğŸ° â˜•ï¸ , umami ğŸ¥˜ , and thanâ€¦",ğŸ¸
622,crazy bc you wa just join in the love and hip hop gossip in the gc but ğŸ¸â˜•ï¸,ğŸ¸
623,be who you be or don't bother...ğŸ¸ ğŸ’,ğŸ¸
624,â˜ğŸ¾ğŸ˜#trustory ğŸ¤¦ğŸ¾â€â™‚ï¸ğŸ¤·ğŸ¾â€â™‚ï¸(gotta fee the weak when they can't fend for themselves) ğŸ¸â˜•i guess i'll carry that weigâ€¦,ğŸ¸
625,thank u ğŸ¸â™¥ï¸â™¥ï¸â™¥ï¸,ğŸ¸
626,great workshop about resilience &amp; focus management! ğŸ˜ğŸ°ğŸ¸ #huntingelephants #chasingrabbits #eatingfrogsâ€¦,ğŸ¸
627,itâ€™s funny how people can tweet about others yet donâ€™t have the ball to confront them and decide to block them on everything ğŸ¸â˜•ï¸,ğŸ¸
628,green dart frog. dendrobates auratus. we breed the blue species. theyâ€™re cool little creature ğŸ¸,ğŸ¸
629,we hit 500 sub before my birthday !! i be speechless â¤ï¸ğŸ‰ğŸ¸surprises on the way guy (no set timeframe) !!â€¦,ğŸ¸
630,.itâ€™s so good. ğŸ˜¤ğŸ’–ğŸ™ğŸ‰ğŸ¸,ğŸ¸
631,welcome to the ğŸ˜ˆğŸ¸fâ€¦,ğŸ¸
632,come and see ğŸ¸queen.mahağŸ¸'s live in #bigolive: scendel onğŸ¤£,ğŸ¸
633,good morning ğŸ¸ #froggylicious saturday #delftsehout #nordicwalking,ğŸ¸
634,"our cat bring ğŸ¸s into the house sometimes, they let them loose and we all laugh a mum try to catchâ€¦",ğŸ¸
635,wea de red stripe?? ğŸ¸ğŸº,ğŸ¸
636,we be all agreed.tico ğŸ¸,ğŸ¸
637,"â€œvize stick to what you know, basketball ainâ€™t itâ€ â˜•ï¸ğŸ¸",ğŸ¸
638,proud kermit hereğŸ¸ğŸ¸ğŸ’œğŸ’œğŸ’œ,ğŸ¸
639,"hey you millenials! it's greta here, hit you with her first tweet. be prepared, the nurse home tea be hot today ğŸµ ğŸ¸",ğŸ¸
640,wait wait wait wait wait. why? lol ğŸ¸â˜•ï¸,ğŸ¸
641,( ) ğŸ¶ closeness rat : 4/10.ğŸ™ˆ would i hug u : no. ğŸ¸ would i kiss u : no. ğŸ· would i date u :â€¦,ğŸ¸
642,the thing is... we're from roads....so we can rule the road ğŸ¸,ğŸ¸
643,"happy birthday to u my angelğŸ’“ğŸ’“ hope u have the best day and night, canâ€™t wait to dance the weekend away with uâš¡ï¸ğŸ¸loâ€¦",ğŸ¸
644,"we want justice for ğŸ¸it's ramadan guys,she lose her sha**help her to find him.thanks :)",ğŸ¸
645,i've never be horny in my life ğŸ¸ğŸ˜¼ğŸ’€,ğŸ¸
646,"""shitty earthworm jim knockoff""... that's fine, it help put your judgement in a better context. ğŸ¸ğŸ¤·â€â™€ï¸",ğŸ¸
647,doesmy acc look ok.. ğŸ¸,ğŸ¸
648,under my umbrella.ğŸ¸ğŸŒºğŸŒ¿ğŸµğŸ¸,ğŸ¸
649,they never cry ğŸ¸ #bbmastopsocial exo,ğŸ¸
650,"ugh, saddest tea of the day.ğŸ¸ğŸµ",ğŸ¸
651,yall hate jongen but who do u think be make ur food at boston huh??!! ğŸ¸â˜•ï¸,ğŸ¸
652,senor frog ğŸ¸ club liv #sobe day 2 ğŸ˜›,ğŸ¸
653,11:11 caroline i guess ğŸ¸,ğŸ¸
654,let just end the conversation here ğŸ¸â˜•ï¸,ğŸ¸
655,hi hello i watch a frontline episode on dietary supplement catch me throw out every supplement i own âœŒï¸ ğŸ¸ âœŒï¸,ğŸ¸
656,can treat someone however but god forbid it be reciprocate back. ğŸ¸â˜•ï¸,ğŸ¸
657,90% of the time some men just speak the truth. unfortunately they cant without be tell there the problem. ğŸµğŸ¸,ğŸ¸
658,happy birthday!! ğŸ˜ğŸ‰ğŸ’•ğŸ‚ğŸ¸,ğŸ¸
659,that's a wonderful one year journey at one of the world's best #dev community thanksğŸ¸,ğŸ¸
660,ribbit ribbit! ğŸ¸,ğŸ¸
661,notice how messi do it in le gamesâ˜•ï¸ğŸ¸,ğŸ¸
662,sure be one hell of a #wallbuildin' #swampdrainin' #pussygrabbin' #american #hero ğŸ¸ğŸ’“ğŸ‡ºğŸ‡¸ğŸ¦…âœ¨â€¦,ğŸ¸
663,really exit to be team up again with and from to adapt #oifrog ğŸ¸ğŸ¸ğŸ¸ğŸ¸,ğŸ¸
664,the courtship of eddie's father be the one that have the hulk. ğŸ¸,ğŸ¸
665,bullfrog ğŸ¸ğŸ¸ğŸ¸,ğŸ¸
666,coolin off from the blister sun with someğŸ¸ sweet frog frozenğŸ¦ yogurt at the parkğŸğŸ˜€ğŸ¡,ğŸ¸
667,taylor stand against racism and use her platform for influence and good? ğŸ¸â˜•ï¸,ğŸ¸
668,"ğŸ¦‡: ""hey you!"" it says, ""come take a look at my cabin.""ğŸ¸: ""no you be learn how to play guitar""ğŸ¦‡: ""happy""",ğŸ¸
669,la fin tho...ğŸ¸â˜•ï¸,ğŸ¸
670,u hate me? ğŸ¸,ğŸ¸
671,why will u buy indomie from coffee cue? ğŸ¸,ğŸ¸
672,i believe this be what would be call the â€œteaâ€ for you all ğŸ¤—ğŸ¸â˜•ï¸,ğŸ¸
673,work from like 7 to 530 yesterday probs same today girl putcha a$$ down ğŸ¸,ğŸ¸
674,yall hate ryan ross but who do u think be make ur food at seattle huh??!! ğŸ¸â˜•ï¸,ğŸ¸
675,i donâ€™t remember people care soo much when khaled bring his son a rolex but â˜•ï¸ğŸ¸,ğŸ¸
676,la ranitasğŸ¥°ğŸ¸ frogp lmaoooo,ğŸ¸
677,see ya there! ğŸ¤£ğŸ¸,ğŸ¸
678,&amp; you pass research method â˜•ï¸ğŸ¸,ğŸ¸
679,him see say wiz dey with drake for uk d next day ğŸ¸ use him papa pj fly go dere to just go snap with drake for back up lol,ğŸ¸
680,"itâ€™s like the sissoko deal we make tbf. we win...and thatâ€™s the best spend 3k ever, mate..ğŸ¥‚ğŸ¸",ğŸ¸
681,or be the issue the â€œsr devsâ€ attitude by chance? ğŸ¸â˜•ï¸,ğŸ¸
682,nicki kill that â€œ i be on thatâ€ verse ğŸ¸ ğŸ”¥,ğŸ¸
683,ğŸŒ¸ğŸ¡ğŸ¸ğŸ¦‹(funny),ğŸ¸
684,nigga be soo lame ğŸ˜­. ğŸ¸â˜•ï¸,ğŸ¸
685,from a guy who wa against pay tipster to be one yourself ğŸ¸â˜•ï¸,ğŸ¸
686,please take this time to rest well and care for yourself! don't worry and just relax!ğŸ’œğŸ’œğŸ¸,ğŸ¸
687,still poor ğŸ¸â˜•ï¸,ğŸ¸
688,let's rock the the big 12 and #cfb! #gofrogs! ğŸ¸ğŸ’ªğŸ‡ºğŸ‡¸,ğŸ¸
689,can not wait to have our own garden and make it a wildlife friendly a possible ğŸ¸ğŸ•·ğŸ›ğŸğŸœğŸŒ¸ğŸ‚ğŸŒºğŸŒ±#naturelover #savethebees #conservation,ğŸ¸
690,whatâ€™s the debate? ğŸ¸â˜•ï¸,ğŸ¸
691,if u join my patreon it help me buy snack ğŸ¸ğŸ¥•ğŸ¥–ğŸ¥¬ğŸğŸ¥¦ğŸ•ğŸ¥ so i have energy to draw bop ğŸ’ªğŸ¶,ğŸ¸
692,oh the horror! that 7th pic....looks like a gilbert godfrey chia petğŸ¸ğŸ¤£ğŸ˜‚ğŸ¸,ğŸ¸
693,say the guy who forget to use a period and start your sentence with a symbol ğŸ¸â˜•ï¸,ğŸ¸
694,#trumptax ğŸ¸ğŸ·#butthatsnoneofmybusinesd #goptax ğŸ¤£ except heâ€™s the oâ€¦,ğŸ¸
695,when the tea be scold hot ğŸ¸â˜•ï¸ #jamescharles #tati,ğŸ¸
696,pick a genre film i haven't see that i'm actually in the mood to watch be a god damn chore.yall hate ryan ross but who do u think be make ur food at massachusetts huh??!! ğŸ¸â˜•ï¸,ğŸ¸
697,and dlsu attitude spiker bounce back ğŸŒµâ˜˜ï¸ğŸŒ²ğŸŒ³â˜˜ï¸ğŸŒ±ğŸƒğŸŒ¿ğŸ„ğŸ²ğŸ‰bwesittttalaga ğŸ¸ğŸ¤¢,ğŸ¸
698,what do you mean? this be his second baby mama and he isnâ€™t marry to either of them â˜•ï¸ğŸ¸ this ainâ€™t it si,ğŸ¸
699,you know we love kermit bc we love to serve the tea! ğŸ¸â˜•ï¸,ğŸ¸
700,you deserve it.... laugh at death you did.... frogğŸ¸,ğŸ¸
701,"all because we love our chocolate, coffee &amp; avocado a little too much! #greedkills ğŸµğŸ¯ğŸ¦ğŸ˜ğŸ¸ğŸŠğŸ¬ğŸ›ğŸœğŸ",ğŸ¸
